address,time_ms,coin,funding_usd,side,time
0xbb10bda01f56b1604f2f024f2d18fcaf5d2b20b0,1770390000089,HYPE,0.00423,funding,2026-02-06 15:00:00.089000+00:00
